"isrc","song_name","song_duration_ms","is_explicit","spotify_url","apple_music_url"
"USA2P2357356","La Diabla","172264","False","https://open.spotify.com/track/0R6NfOiLzLj4O5VbYSJAjf",
"USUM72400048","yes, and?","214994","True","https://open.spotify.com/track/7gaA3wERFkFkgivjwbSvkG","https://music.apple.com/us/song/yes-and/1724584201"
"USRC12301932","greedy","131872","True","https://open.spotify.com/track/3rUGC1vUpkDG9CZFHMur1t","https://music.apple.com/us/song/greedy/1706381103"
"USJ5G2335007","My Love Mine All Mine","137773","False","https://open.spotify.com/track/3vkCueOmm7xQDoJ17W1Pm3",
"USAT22311371","Lovin On Me","138411","True","https://open.spotify.com/track/4xhsWYTOGcal8zt0J161CU","https://music.apple.com/us/song/lovin-on-me/1715277428"
"USUG12303881","One Of The Girls (with JENNIE, Lily Rose Depp)","244684","False","https://open.spotify.com/track/7CyPwkp0oE8Ro9Dd5CUDjW",
"USUG11901472","Cruel Summer","178426","False","https://open.spotify.com/track/1BxfuPKGuaTgP7aM0Bbdwr","https://music.apple.com/us/song/cruel-summer/1468058171"
"USA2P2339944","La Víctima","156345","True","https://open.spotify.com/track/5XVdHRf4CAJ2Jm0uMIy5qY",
"USUM72212470","Stick Season","182346","False","https://open.spotify.com/track/0mflMxspEfB0VbI1kyLiAv","https://music.apple.com/us/song/stick-season/1632285403"
"USUM72315072","Igual Que Un Ángel (with Peso Pluma)","260370","False","https://open.spotify.com/track/6XaJfhwof7qIgbbXO5tIQI","https://music.apple.com/us/song/igual-que-un-%C3%A1ngel/1710860382"
"USSM12309164","redrum","270697","True","https://open.spotify.com/track/52eIcoLUM25zbQupAZYoFh","https://music.apple.com/us/song/redrum/1724494724"
"USSM12309168","née-nah","220584","True","https://open.spotify.com/track/6TdFkofgTvN0WfnWFmh4a6","https://music.apple.com/us/song/n%C3%A9e-nah/1724494870"
"USUG12306085","Rich Baby Daddy (feat. Sexyy Red & SZA)","319191","True","https://open.spotify.com/track/2DSy4HfDQoBsPPcRSoeM16","https://music.apple.com/us/song/rich-baby-daddy-feat-sexyy-red-sza/1710685898"
"USRC12204591","Snooze","201800","True","https://open.spotify.com/track/24yrJJkmVUMkJHvCaR85BN","https://music.apple.com/us/song/snooze/1657869492"
"USUM72318216","LUNA","196800","False","https://open.spotify.com/track/7bywjHOc0wSjGGbj04XbVi",
"USWB12307016","Beautiful Things","180304","False","https://open.spotify.com/track/6tNQ70jh4OwmPGpYy6R2o9","https://music.apple.com/us/song/beautiful-things/1724488124"
"USAT22400675","HISS","192818","True","https://open.spotify.com/track/79AHPJd8upvNxyK2qQcY8J","https://music.apple.com/us/song/hiss/1727623658"
"USUG12307428","Made For Me","188000","False","https://open.spotify.com/track/0WIv5qV41y6YjjB9V1biuC","https://music.apple.com/us/song/made-for-me/1707416065"
"TCACR1657450","Spin You Around","212850","False","https://open.spotify.com/track/1yj1ZztSGITJ5Nf4mfH92c","https://music.apple.com/us/song/spin-you-around/1151912195"
"JPU902305042","Bling-Bang-Bang-Born","168135","False","https://open.spotify.com/track/0kdqcbwei4MDWFEX5f33yG","https://music.apple.com/us/song/bling-bang-bang-born/1720332181"
"USUM72400872","Big Foot","262268","True","https://open.spotify.com/track/587Ks4sb6Wd2qRVS5i9fdW","https://music.apple.com/us/song/big-foot/1727963554"
"CH7811111177","Praise Jah In The Moonlight","263040","True","https://open.spotify.com/track/3h5TiWTqGxjSjFrbruPFH9","https://music.apple.com/us/song/praise-jah-in-the-moonlight/1723309988"
"USWB12304903","I Remember Everything","227195","False","https://open.spotify.com/track/5raCcuL1D41UYSyOGYELm5","https://music.apple.com/us/song/i-remember-everything-feat-kacey-musgraves/1703217516"
"USPR39402268","Should've Been A Cowboy","208413","False","https://open.spotify.com/track/18BajNiyvH6GpYshB0unrm","https://music.apple.com/us/song/shouldve-been-a-cowboy/1436536526"
"USSM12209777","Flowers","200600","False","https://open.spotify.com/track/7DSAEUvxU8FajXtRloy8M0","https://music.apple.com/us/song/flowers/1702906535"
"USQX92400087","Get In With Me","120792","True","https://open.spotify.com/track/4iEoDBAgMJIzest7VsDgmT","https://music.apple.com/us/song/get-in-with-me/1725032987"
"QZ7XS2400012","CARNIVAL","264324","True","https://open.spotify.com/track/4m4BHvDfzIgj5LbQLuFiIp",
"QZ7XS2400010","FUK SUMN","209577","True","https://open.spotify.com/track/5rlXuCLnMdfo85079qXHoz",
"QZ7XS2400001","STARS","115238","True","https://open.spotify.com/track/6OON4kMjTFqARMFrRbmlwy",
"QZ7XS2400005","BACK TO ME","295471","True","https://open.spotify.com/track/0Tgm7wkLb0AfAHAZDschvD",
"QZ7XS2400009","BURN","111458","True","https://open.spotify.com/track/4E3XDKil4ElJt6sXuz5cc6",
"QZ7XS2400004","TALKING","185110","True","https://open.spotify.com/track/3qnbLYCLzKvGIQXFyopS2H",
"USAR10301423","Yeah! (feat. Lil Jon & Ludacris)","250149","False","https://open.spotify.com/track/7xnSL50TC5nb39hvROwtCT","https://music.apple.com/us/song/yeah-feat-lil-jon-ludacris/386153478"
"QZ7XS2400012","CARNIVAL","264324","True","https://open.spotify.com/track/4m4BHvDfzIgj5LbQLuFiIp","https://music.apple.com/us/song/carnival/1730241073"
"QZ7XS2400010","FUK SUMN","209577","True","https://open.spotify.com/track/5rlXuCLnMdfo85079qXHoz","https://music.apple.com/us/song/fuk-sumn/1730241071"
"QZ7XS2400001","STARS","115238","True","https://open.spotify.com/track/6OON4kMjTFqARMFrRbmlwy","https://music.apple.com/us/song/stars/1730241062"
"QZ7XS2400005","BACK TO ME","295471","True","https://open.spotify.com/track/0Tgm7wkLb0AfAHAZDschvD","https://music.apple.com/us/song/back-to-me/1730241066"
"USSM12401302","TEXAS HOLD 'EM","235636","True","https://open.spotify.com/track/0Z7nGFVCLfixWctgePsRk9","https://music.apple.com/us/song/texas-hold-em/1730408498"
"USSM12401304","16 CARRIAGES","233521","False","https://open.spotify.com/track/3Fwebmu4BzPUpDtPZo0qHb","https://music.apple.com/us/song/16-carriages/1730408582"
"QZ7XS2400009","BURN","111458","True","https://open.spotify.com/track/4E3XDKil4ElJt6sXuz5cc6","https://music.apple.com/us/song/burn/1730241070"
"GBAHT2301078","Training Season","209487","False","https://open.spotify.com/track/6Qb7YsAqH4wWFUMbGsCpap",
"USWB12302315","Lose Control","210688","False","https://open.spotify.com/track/17phhZDn6oGtzMe56NuWvj",
"USRC12400299","Whatever She Wants","161342","True","https://open.spotify.com/track/57wp7VFnV8X0pSVnYArGeJ","https://music.apple.com/us/song/whatever-she-wants/1729856953"
"USRC12400216","Saturn","186191","False","https://open.spotify.com/track/1bjeWoagtHmUKputLVyDxQ","https://music.apple.com/us/song/saturn/1732348414"
"GBKPL2205058","End of Beginning","159245","False","https://open.spotify.com/track/3qhlB30KknSejmIvZZLjOD",
"QZL382406049","Gata Only","222000","True","https://open.spotify.com/track/6XjDF6nds4DE2BBbagZol6",
"USUM72317276","we can't be friends (wait for your love)","228639","False","https://open.spotify.com/track/46kspZSY3aKmwQe7O77fCC","https://music.apple.com/us/song/we-cant-be-friends-wait-for-your-love/1725878242"
"USUM72317269","bye","164927","False","https://open.spotify.com/track/1Rweq7vNjK4kZBbGrmxQsl","https://music.apple.com/us/song/bye/1725877947"
"USUM72317268","the boy is mine","173639","True","https://open.spotify.com/track/0Lmbke3KNVFXtoH2mMSHCw","https://music.apple.com/us/song/the-boy-is-mine/1725878239"
"USUM72317272","eternal sunshine","210200","False","https://open.spotify.com/track/2waUyWiimcCeA8DbJH8BtT","https://music.apple.com/us/song/eternal-sunshine/1725877964"
"USUM72317273","don't wanna break up again","174006","True","https://open.spotify.com/track/0o3ua5ufFK7nfRzbDUNoGA","https://music.apple.com/us/song/dont-wanna-break-up-again/1725877948"
"USUM72317270","intro (end of the world)","92400","True","https://open.spotify.com/track/2o1pb13quMReXZqE7jWsgq","https://music.apple.com/us/song/intro-end-of-the-world/1725877946"
"USUM72317274","supernatural","163381","False","https://open.spotify.com/track/142PiXzA84lmEw2RstFHFa","https://music.apple.com/us/song/supernatural/1725877965"
"USA2P2411822","FRI(END)S","148082","False","https://open.spotify.com/track/0PBTlQ84CBJF0tBnKGmQa6",
"QZSYP2454435","Get It Sexyy","148551","True","https://open.spotify.com/track/2MjXWroB9wlTG2kqv3avfS","https://music.apple.com/us/song/get-it-sexyy/1736033446"
"GBKPL2205058","End of Beginning","159245","False","https://open.spotify.com/track/3qhlB30KknSejmIvZZLjOD","https://music.apple.com/us/song/end-of-beginning/1632448108"
"USSM12402041","Like That","267706","True","https://open.spotify.com/track/2tudvzsrR56uom6smgOcSf","https://music.apple.com/us/song/like-that/1737150439"
"USSM12402033","Type Shit","228266","True","https://open.spotify.com/track/28drn6tQo95MRvO0jQEo5C","https://music.apple.com/us/song/type-shit/1737150156"
"USSM12402040","We Don't Trust You","226213","True","https://open.spotify.com/track/1pnDvUuAEd6z8bKEsbAjk1","https://music.apple.com/us/song/we-dont-trust-you/1737150142"
"IEACJ2300335","Too Sweet","251424","False","https://open.spotify.com/track/3HMY0r2BAdpasXMY8rseR0",
"USSM12402034","Young Metro","205346","True","https://open.spotify.com/track/3OxL6MuctgZp1e0zxoAZhH","https://music.apple.com/us/song/young-metro/1737150149"
"USSM12402029","Ice Attack","199253","True","https://open.spotify.com/track/70ToiXlzl8N1EgfC07ZcZE","https://music.apple.com/us/song/ice-attack/1737150153"
"USSM12402037","Cinderella","169840","True","https://open.spotify.com/track/0hKtu53OlIFXVuYkZwcn3o","https://music.apple.com/us/song/cinderella/1737150446"
"USSM12402043","Claustrophobic","222053","True","https://open.spotify.com/track/57ELn9TPDIhrpl0dasS465","https://music.apple.com/us/song/claustrophobic/1737150164"
"USSM12402035","Slimed In","194906","True","https://open.spotify.com/track/2GLWhy9iiO1wrLUF5l4FtJ","https://music.apple.com/us/song/slimed-in/1737150442"
"USSM12402031","Magic Don Juan (Princess Diana)","220733","True","https://open.spotify.com/track/7pBcryEKcUEaWHwAu1wUyP","https://music.apple.com/us/song/magic-don-juan-princess-diana/1737150443"
"USSM12402036","Runnin Outta Time","205480","True","https://open.spotify.com/track/4q7y1JFDBJSBSLqXVgcI51","https://music.apple.com/us/song/runnin-outta-time/1737150450"
"QZJ842400387","i like the way you kiss me","142514","False","https://open.spotify.com/track/2GxrNKugF82CnoRFbQfzPf",
"USSM12401865","Too Sweet","251424","False","https://open.spotify.com/track/0AjmK0Eai4zGrLaJwPvrDp",
"USSM12402717","II MOST WANTED","208521","False","https://open.spotify.com/track/6zuPQl2RVqQ4y5nAH61CFC","https://music.apple.com/us/song/ii-most-wanted/1738363902"
"USSM12402711","JOLENE","189638","False","https://open.spotify.com/track/1VxEaXbIq3xAvqh80xP67w","https://music.apple.com/us/song/jolene/1738363893"
"USSM12402704","AMERIICAN REQUIEM","325037","False","https://open.spotify.com/track/6ocGUvvzNkvf4hAV9VFb4P","https://music.apple.com/us/song/ameriican-requiem/1738363767"
"USSM12402705","BLACKBIIRD","131949","False","https://open.spotify.com/track/7eEr7lgWYudwEKEaWCPiPI","https://music.apple.com/us/song/blackbiird/1738363769"
"USA2P2413259","Magnetic","160688","False","https://open.spotify.com/track/1aKvZDoLGkNMxoRYgkckZG","https://music.apple.com/us/song/magnetic/1734500896"
"USSM12401865","Too Sweet","251424","False","https://open.spotify.com/track/0AjmK0Eai4zGrLaJwPvrDp","https://music.apple.com/us/song/too-sweet/1735414394"
"UYB282401007","Natanael Cano: Bzrp Music Sessions, Vol. 59","155888","True","https://open.spotify.com/track/2DbV9TSdeGr5FobCFDRzvq",
"USUG12402413","7 Minute Drill","212213","True","https://open.spotify.com/track/2mhdhTWqT8RhkTlN2yWZZi","https://music.apple.com/us/song/7-minute-drill/1739698468"
"USUG12402403","Crocodile Tearz","229186","True","https://open.spotify.com/track/1yfKakY4rvI17lk20ekuRA","https://music.apple.com/us/song/crocodile-tearz/1739698036"
"USUG12402402","Pricey (feat. Ari Lennox, Young Dro & Gucci Mane)","295146","True","https://open.spotify.com/track/2w5BtuWXISpB6NM4xPoeiR","https://music.apple.com/us/song/pricey-feat-young-dro-gucci-mane/1739698035"
"USUG12402404","Ready ‘24 (feat. Cam’ron)","210133","True","https://open.spotify.com/track/4J9WveqdoaEUQu1aeoSH9X","https://music.apple.com/us/song/ready-24-feat-camron/1739698397"
"USUG12402405","Huntin’ Wabbitz","162026","True","https://open.spotify.com/track/2cH8wHImerFokgmhjyhCTU","https://music.apple.com/us/song/huntin-wabbitz/1739698399"
"USUG12402406","H.Y.B. (feat. Bas & Central Cee)","234586","True","https://open.spotify.com/track/5RMTsrJkrtumtiIZjy7dL6","https://music.apple.com/us/song/h-y-b/1739698408"
"USUM72403374","Wanna Be (with Megan Thee Stallion)","156444","True","https://open.spotify.com/track/2HiEaFEXDb0TUpTZAIoWSH","https://music.apple.com/us/song/wanna-be/1737095451"
"USSM12403111","We Still Don't Trust You","252920","True","https://open.spotify.com/track/7sVbKoBdhXtYCEOO6qC1SN","https://music.apple.com/us/song/we-still-dont-trust-you/1740864625"
"USSM12403103","Out Of My Hands","243040","True","https://open.spotify.com/track/2BOpFmZQ89Rjm2wvmud1MU","https://music.apple.com/us/song/out-of-my-hands/1740864634"
"USSM12403110","Drink N Dance","220626","True","https://open.spotify.com/track/0SdpzQRdK8BdSV57rn6AZZ","https://music.apple.com/us/song/drink-n-dance/1740864632"
"USSM12403100","Jealous","224666","True","https://open.spotify.com/track/4k8XSN1nCJ0rMf4OKF3zEz","https://music.apple.com/us/song/jealous/1740864642"
"USSM12403108","Red Leather","414893","True","https://open.spotify.com/track/4Dx4e0X5dR6TW85dtFU42x","https://music.apple.com/us/song/red-leather/1740865524"
"USUM72403305","Espresso","175459","True","https://open.spotify.com/track/2qSkIjg1o9h3YT9RAgYN75",
"QZL382406049","Gata Only","222000","True","https://open.spotify.com/track/6XjDF6nds4DE2BBbagZol6","https://music.apple.com/us/song/gata-only/1727813561"
"QZJ842400387","i like the way you kiss me","142514","False","https://open.spotify.com/track/2GxrNKugF82CnoRFbQfzPf","https://music.apple.com/us/song/i-like-the-way-you-kiss-me/1736426869"
"USUM72403305","Espresso","175459","True","https://open.spotify.com/track/2qSkIjg1o9h3YT9RAgYN75","https://music.apple.com/us/song/espresso/1740212434"
"USUG12401028","Fortnight (feat. Post Malone)","228965","False","https://open.spotify.com/track/2OzhQlSqBEmt7hmkYxfT6m","https://music.apple.com/us/song/fortnight-feat-post-malone/1742057775"
"USUG12401029","The Tortured Poets Department","293048","True","https://open.spotify.com/track/3NMrVbIVWT3fPXBj0rNDKG","https://music.apple.com/us/song/the-tortured-poets-department/1736268195"
"USUG12401031","Down Bad","261228","True","https://open.spotify.com/track/2F3N9tdombb64aW6VtZOdo","https://music.apple.com/us/song/down-bad/1736268377"
"USUG12401032","So Long, London","262974","False","https://open.spotify.com/track/0mWVScJbxO3tbXuiZOxYZE","https://music.apple.com/us/song/so-long-london/1736268386"
"USUG12401030","My Boy Only Breaks His Favorite Toys","203801","False","https://open.spotify.com/track/05msZuGKP3OCUGQnvLBOf4","https://music.apple.com/us/song/my-boy-only-breaks-his-favorite-toys/1736268196"
"USUG12401033","But Daddy I Love Him","340428","True","https://open.spotify.com/track/5og4Qzt92jJzVDkOtSEilb","https://music.apple.com/us/song/but-daddy-i-love-him/1736268392"
"USUG12401035","Florida!!! (feat. Florence + The Machine)","215463","True","https://open.spotify.com/track/3ZVFcD8Wlw9T9klGqmJf9F","https://music.apple.com/us/song/florida-feat-florence-the-machine/1736268400"
"USUG12401040","I Can Do It With a Broken Heart","218004","True","https://open.spotify.com/track/4q5YezDOIPcoLr8R81x9qy",
"USUG12401037","Who’s Afraid of Little Old Me?","334084","False","https://open.spotify.com/track/36t6frENUtCYKuZus6aYDO",
"USUG12401034","Fresh Out The Slammer","210789","False","https://open.spotify.com/track/3fO566xJgwxIa3qGCGBvIC","https://music.apple.com/us/song/fresh-out-the-slammer/1736268397"
"USUG12401040","I Can Do It With a Broken Heart","218004","True","https://open.spotify.com/track/4q5YezDOIPcoLr8R81x9qy","https://music.apple.com/us/song/i-can-do-it-with-a-broken-heart/1742058104"
"USUG12401037","Who’s Afraid of Little Old Me?","334084","False","https://open.spotify.com/track/36t6frENUtCYKuZus6aYDO","https://music.apple.com/us/song/whos-afraid-of-little-old-me/1742058100"
"USUG12401036","Guilty as Sin?","254365","False","https://open.spotify.com/track/5CUI8RI70agSuT2fIeYuK0","https://music.apple.com/us/song/guilty-as-sin/1742058097"
"USUYG1541249","A Bar Song (Tipsy)","171291","True","https://open.spotify.com/track/2FQrifJ1N335Ljm3TjTVVf","https://music.apple.com/us/song/a-bar-song-tipsy/1737085899"
"QM24S2402528","MILLION DOLLAR BABY","155151","False","https://open.spotify.com/track/7fzHQizxTqy8wTXwlrgPQQ","https://music.apple.com/us/song/million-dollar-baby/1743095418"
"USUG12402839","euphoria","383639","True","https://open.spotify.com/track/77DRzu7ERs0TX3roZcre7Q","https://music.apple.com/us/song/euphoria/1744024751"
"USUG12402984","Family Matters","456933","True","https://open.spotify.com/track/1wFFFzJ5EsKbBWZriAcubN","https://music.apple.com/us/song/family-matters/1744684622"
"USUG12400910","Not Like Us","274192","True","https://open.spotify.com/track/6AI3ezQ4o3HUoP6Dhudph3","https://music.apple.com/us/song/not-like-us/1744776167"
"USUG12400909","meet the grahams","392138","True","https://open.spotify.com/track/4S8PxReB1UiDR2F5x1lyIR","https://music.apple.com/us/song/meet-the-grahams/1744776350"
"QZNJV2456164","Gata Only (Mashup)","215400","False","https://open.spotify.com/track/5EWf240yQq0JhlkMBSPyBN",
"USUM72404990","I Had Some Help (Feat. Morgan Wallen)","178205","True","https://open.spotify.com/track/7221xIgOnuakPdLqT0F3nP","https://music.apple.com/us/song/i-had-some-help-feat-morgan-wallen/1744439049"
"USUM72401991","LUNCH","179586","False","https://open.spotify.com/track/629DixmZGHc7ILtEntuiWE","https://music.apple.com/us/song/lunch/1739659140"
"USUM72401988","CHIHIRO","303440","False","https://open.spotify.com/track/7BRD7x5pt8Lqa1eGYC4dzj","https://music.apple.com/us/song/chihiro/1739659141"
"USUM72401995","SKINNY","219733","False","https://open.spotify.com/track/1CsMKhwEmNnmvHUuO5nryA","https://music.apple.com/us/song/skinny/1739659137"
"USUM72401994","BIRDS OF A FEATHER","210373","False","https://open.spotify.com/track/6dOtVTDdiauQNBQEDOtlAB","https://music.apple.com/us/song/birds-of-a-feather/1739659142"
"USUM72401993","WILDFLOWER","261466","False","https://open.spotify.com/track/3QaPy1KgI7nu9FJEQUgn6h","https://music.apple.com/us/song/wildflower/1739659144"
"USWB12401947","Pink Skies","194920","False","https://open.spotify.com/track/4ZJ4vzLQekI0WntDbanNC7","https://music.apple.com/us/song/pink-skies/1747842759"
"USSM12404354","BAND4BAND (feat. Lil Baby)","140733","True","https://open.spotify.com/track/7iabz12vAuVQYyekFIWJxD","https://music.apple.com/us/song/band4band/1747857516"
"USUG12403398","Houdini","227239","True","https://open.spotify.com/track/2HYFX63wP3otVIvopRS99Z","https://music.apple.com/us/song/houdini/1748971748"
"USUM72404101","Please Please Please","186365","True","https://open.spotify.com/track/5N3hjp1WNayUPZrA8kJmJP",
"QM24S2402634","MILLION DOLLAR BABY (VHS)","155151","False","https://open.spotify.com/track/55HpRb1dWGT3JeX9RpDpLa","https://music.apple.com/us/song/million-dollar-baby-vhs/1749616874"
"USUM72404101","Please Please Please","186365","True","https://open.spotify.com/track/5N3hjp1WNayUPZrA8kJmJP","https://music.apple.com/us/song/please-please-please/1750307080"
"USUM72406750","WHISKEY WHISKEY (feat. Morgan Wallen)","161052","True","https://open.spotify.com/track/2WTC4lXPR2DWSWjl23Qidm","https://music.apple.com/us/song/whiskey-whiskey-feat-morgan-wallen/1750968657"
"US66W2401066","REAL GANGSTA LOVE","145342","True","https://open.spotify.com/track/1pymWRCuZfCd0zdiBJo0Hj",
"USUG12401967","Good Luck, Babe!","218423","False","https://open.spotify.com/track/0WbMK4wrZ1wFSty9F7FCgu",
"USA2P2431059","Smeraldo Garden Marching Band (feat. Loco)","182840","False","https://open.spotify.com/track/1kPhV0KQui1phEpjnWIqUN",
"USRC12401857","Rockstar","138213","True","https://open.spotify.com/track/6vvPecFTmWxDfEJ6cYT1wa",
"USUG12400968","Si Antes Te Hubiera Conocido","195824","False","https://open.spotify.com/track/6WatFBLVB0x077xWeoVc2k",
"USWB12402693","28","233333","False","https://open.spotify.com/track/5iJKGpnFfvbjZJeAtwXfCj","https://music.apple.com/us/song/28/1754472973"
"USWB12402694","American Nights","218933","False","https://open.spotify.com/track/3c9EsIo34kil8Oj1reaozB","https://music.apple.com/us/song/american-nights/1754473230"
"USUG12404146","Lies Lies Lies","198068","False","https://open.spotify.com/track/7Fzl7QaTu47WyP9R5S5mh5","https://music.apple.com/us/song/lies-lies-lies/1754189283"
"USUG12403402","Renaissance","98152","True","https://open.spotify.com/track/55u5QIlEuzCipJBtZPdJio","https://music.apple.com/us/song/renaissance/1755022179"
"USUG12403403","Habits","298384","True","https://open.spotify.com/track/7I3RalBqE7ZE0RSxgGlGlm","https://music.apple.com/us/song/habits/1755022181"
"USUG12403405","Brand New Dance","206649","True","https://open.spotify.com/track/77pfjsq0gSZwO8bYVTVROo","https://music.apple.com/us/song/brand-new-dance/1755022185"
"USA2P2431062","Who","170887","False","https://open.spotify.com/track/7tI8dRuH2Yc6RuoTjxo4dU",
"USUG12401967","Good Luck, Babe!","218423","False","https://open.spotify.com/track/0WbMK4wrZ1wFSty9F7FCgu","https://music.apple.com/us/song/good-luck-babe/1737497080"
"USAT22406808","Guess featuring Billie Eilish","143330","False","https://open.spotify.com/track/3WOhcATHxK2SLNeP5W3v1v",
"USAT22406808","Guess featuring Billie Eilish","143330","False","https://open.spotify.com/track/3WOhcATHxK2SLNeP5W3v1v","https://music.apple.com/us/song/guess-featuring-billie-eilish/1760420750"
"USJI10000001","Bye Bye Bye - From Deadpool and Wolverine Soundtrack","200400","False","https://open.spotify.com/track/62bOmKYxYg7dhrC6gH9vFn",
"TLVEM2467067","FIELD TRIP","167228","True","https://open.spotify.com/track/106vWgOc5xlj05wewZ2V4u","https://music.apple.com/us/song/field-trip/1760905158"
"INUM72400563","Big Dawgs","190666","True","https://open.spotify.com/track/0OA00aPt3BV10qeMIs3meW",
"USUG12405316","It's Up (feat. Young Thug & 21 Savage)","278000","True","https://open.spotify.com/track/4VQO1UdVIecQqB49PlANHz","https://music.apple.com/us/song/its-up/1762105083"
"USRC12402243","New Woman (feat. ROSALÍA)","179789","False","https://open.spotify.com/track/7ov3TDp5D00Rnu5R1viX4w",
"USUM72409273","Die With A Smile","251667","False","https://open.spotify.com/track/2plbrEY59IikOBgBGLjaoe",
"USUM72409273","Die With A Smile","251667","False","https://open.spotify.com/track/2plbrEY59IikOBgBGLjaoe","https://music.apple.com/us/song/die-with-a-smile/1762656732"
"USUM72405604","Pour Me A Drink (Feat. Blake Shelton)","195122","False","https://open.spotify.com/track/5ZLL6wYXeqg0k35ZkDRfhZ","https://music.apple.com/us/song/pour-me-a-drink-feat-blake-shelton/1752531909"
"USUM72405588","Wrong Ones (Feat. Tim McGraw)","195822","True","https://open.spotify.com/track/4Y7NbVUUl0zGSboRGX85Cu","https://music.apple.com/us/song/wrong-ones-feat-tim-mcgraw/1752531525"
"USUM72404100","Taste","157279","False","https://open.spotify.com/track/5G2f63n7IPVPPjfNIGih7Q","https://music.apple.com/us/song/taste/1750307079"
"USUM72404102","Good Graces","185265","True","https://open.spotify.com/track/102YUQbYmwdBXS7jwamI90","https://music.apple.com/us/song/good-graces/1750307081"
"USUM72319094","Bed Chem","171869","False","https://open.spotify.com/track/1UHS8Rf6h5Ar3CDWRd3wjF","https://music.apple.com/us/song/bed-chem/1750307088"
"USWB12403464","The Emptiness Machine","190427","True","https://open.spotify.com/track/2PnlsTsOTLE5jnBnNe2K0A",
"USAT22408283","Neva Play (feat. RM of BTS)","157173","True","https://open.spotify.com/track/2ZqTbIID9vFPTXaGyzbb4q",
"USUM72410900","ALL RED","148053","True","https://open.spotify.com/track/2cZOYofOX4d6g0OXxkaIjA","https://music.apple.com/us/song/all-red/1768194761"
"USUG12405844","Dancing In The Flames","220036","False","https://open.spotify.com/track/7z7kvUQGwlC6iOl7vMuAr9",
"USUG12405844","Dancing In The Flames","220036","False","https://open.spotify.com/track/7z7kvUQGwlC6iOl7vMuAr9","https://music.apple.com/us/song/dancing-in-the-flames/1767511513"
"USSM12406726","TEFLON DON","159893","True","https://open.spotify.com/track/2jnezASa7o0lP6aif6VrIf","https://music.apple.com/us/song/teflon-don/1767829565"
"USSM12406727","LIL DEMON","139196","True","https://open.spotify.com/track/3aCPResPDNae3pXTocGpYe","https://music.apple.com/us/song/lil-demon/1767829573"
"USSM12406728","SKI","147592","True","https://open.spotify.com/track/6pf7fmrtYcA4WpqTksuh68","https://music.apple.com/us/song/ski/1767829641"
"USSM12406731","TOO FAST","205730","True","https://open.spotify.com/track/0DhCbTQZfWD8P8pOlg3jv9","https://music.apple.com/us/song/too-fast/1767829653"
"USSM12406730","PLUTOSKI","179022","True","https://open.spotify.com/track/2t4H61OtTYgmDe61KxkjKH","https://music.apple.com/us/song/plutoski/1767829652"
"USSM12406729","READY TO COOK UP","167111","True","https://open.spotify.com/track/5tUETztMKNT9NDbMUVpxzl","https://music.apple.com/us/song/ready-to-cook-up/1767829644"
"USWB12403466","Heavy Is the Crown","167012","False","https://open.spotify.com/track/3fgehc497TFqKH1zBL2YNK",
"USUG12406536","Timeless (with Playboi Carti)","256000","True","https://open.spotify.com/track/1Es7AUAhQvapIcoh3qMKDL","https://music.apple.com/us/song/timeless/1770380890"
"USRC12402958","Moonlit Floor","155757","False","https://open.spotify.com/track/3yDRcs0Y4pPzkvMbUfeF9H",
"USHM92438095","Sailor Song","211978","False","https://open.spotify.com/track/2262bWmqomIaJXwCRHr13j",
"USQX92405226","Mantra","136627","True","https://open.spotify.com/track/2CspwnypzT7rcWI9RfsoSb",
"USQX92405369","25","180000","True","https://open.spotify.com/track/0U60hgxzGit7juEuHul2y3","https://music.apple.com/us/song/25/1772368558"
"USQX92405391","Last Lap","248320","True","https://open.spotify.com/track/1qJGJR5DXftoDjeNjNvIDy","https://music.apple.com/us/song/last-lap/1772368556"
"USQX92405366","Turtle Race","186566","True","https://open.spotify.com/track/2ffAF1x7V6E0KOuvvdGbTT","https://music.apple.com/us/song/turtle-race/1772368555"
"USQX92405367","Apply Pressure","175609","True","https://open.spotify.com/track/2SMyu6hdDHWbLLXB76Oz4i","https://music.apple.com/us/song/apply-pressure/1772368557"
"USQX92405370","Angel With An Attitude","195668","True","https://open.spotify.com/track/2gUEB9jSU0HZhLJIYffeQn","https://music.apple.com/us/song/angel-with-an-attitude/1772368562"
"USQX92405397","Fuck Fame (feat. Lil Yachty & Lil Baby)","183529","True","https://open.spotify.com/track/6SMlN14kkjXfr07TT6gQN3","https://music.apple.com/us/song/f-k-fame-feat-lil-yachty-lil-baby/1772368559"
"USQX92405396","Federal Nightmares","188589","True","https://open.spotify.com/track/7K43BENx9D8k0RznDLBTie","https://music.apple.com/us/song/federal-nightmares/1772368561"
"QZ9QQ2400535","Tu Boda","225880","True","https://open.spotify.com/track/1cOboCuWYI2osTOfolMRS6",
"USUM72411015","WHATCHU KNO ABOUT ME (feat. Sexyy Red)","149461","True","https://open.spotify.com/track/5xeSd4HgzrYpNLEf3LfYLK","https://music.apple.com/us/song/whatchu-kno-about-me/1769454783"
"GBHMU1400165","Night Changes","226600","False","https://open.spotify.com/track/5O2P9iiztwhomNh8xkR9lJ",
"USAT22409172","APT.","169917","False","https://open.spotify.com/track/5vNRhkKd0yEAg8suGBpjeY",
"USUG12406387","Love Somebody","204828","False","https://open.spotify.com/track/7hR22TOX3RorxJPcsz5Wbo","https://music.apple.com/us/song/love-somebody/1773342229"
"USAT22409172","APT.","169917","False","https://open.spotify.com/track/5vNRhkKd0yEAg8suGBpjeY","https://music.apple.com/us/song/apt/1773452221"
"USUG12406903","That’s So True","166300","True","https://open.spotify.com/track/7ne4VBA60CxGM75vw0EYad","https://music.apple.com/us/song/thats-so-true/1773474483"
"USUG12408496","luther (with sza)","177598","False","https://open.spotify.com/track/45J4avUb9Ni0bnETYaYFVJ","https://music.apple.com/us/song/luther/1781270323"
"USRC12403853","30 For 30 (with Kendrick Lamar)","278277","True","https://open.spotify.com/track/3aSWXU6owkZeVhh94XxEWO","https://music.apple.com/us/song/30-for-30-with-kendrick-lamar/1786643047"
"USUG12408493","tv off (feat. lefty gunplay)","220690","True","https://open.spotify.com/track/0aB0v4027ukVziUGwVGYpG","https://music.apple.com/us/song/tv-off-feat-lefty-gunplay/1781270540"
"USUG12408922","Smile","224127","False","https://open.spotify.com/track/3MJ6lFNV12FSHAOzTzkwxz","https://music.apple.com/us/song/smile/1785714732"
"GBUM72401610","Messy","284066","True","https://open.spotify.com/track/35ISBknsCeZQtq66xABI9g",
"USUG12500001","Dum, Dumb, and Dumber (with Young Thug & Future)","227400","True","https://open.spotify.com/track/3E9IzxNXsk7yFfc1SHpiG1","https://music.apple.com/us/song/dum-dumb-and-dumber/1786672708"
"USUG12500019","Listen Up","155000","True","https://open.spotify.com/track/4y8ZziqKtReDDWhA7JbmpS","https://music.apple.com/us/song/listen-up/1786672607"
"USUG12500004","F U 2x","117200","True","https://open.spotify.com/track/3vC25KvbbtiqQ1m1LGkpuv","https://music.apple.com/us/song/f-u-2x/1786672711"
"USUG12500010","By Myself (feat. Rod Wave & Rylo Rodriguez)","197400","True","https://open.spotify.com/track/6zrCf0MGof32vwLPZIZY2S","https://music.apple.com/us/song/by-myself-feat-rod-wave/1786672718"
"JPPO02401026","ライラック","288200","False","https://open.spotify.com/track/78W4mTLIh4qoLu92W4IQhO","https://music.apple.com/us/song/lilac/1739088799"
"QMFMF2447057","BAILE INoLVIDABLE","367725","True","https://open.spotify.com/track/2lTm559tuIvatlT1u0JYG2","https://music.apple.com/us/song/baile-inolvidable/1787022842"
"QMFMF2447055","NUEVAYoL","183685","False","https://open.spotify.com/track/5TFD2bmFKGhoCRbX61nXY5","https://music.apple.com/us/song/nuevayol/1787022572"
"QMFMF2447056","VOY A LLeVARTE PA PR","156364","True","https://open.spotify.com/track/59D4DOkspUbWyMmbAPQkxZ","https://music.apple.com/us/song/voy-a-llevarte-pa-pr/1787022587"
"QMFMF2447060","VeLDÁ","235336","True","https://open.spotify.com/track/7d6yK8v8J484SWH5prIQiE","https://music.apple.com/us/song/veld%C3%A1/1787022999"
"QMFME2462255","EL CLúB","222568","True","https://open.spotify.com/track/0iKo4pNNjHHdKUcFARlfCa",
"QMFMF2447070","DtMF","237117","False","https://open.spotify.com/track/3sK8wGT43QFpWrvNQsrQya",
"QMFMF2447070","DtMF","237117","False","https://open.spotify.com/track/3sK8wGT43QFpWrvNQsrQya","https://music.apple.com/us/song/dtmf/1787023936"
"QMFMF2447059","WELTiTA","187507","False","https://open.spotify.com/track/5WEF0icHWmAZBBMglBd599",
"QMFMF2447069","EoO","204768","True","https://open.spotify.com/track/6J5kc12BW5HuP3d7C3vvx8","https://music.apple.com/us/song/eoo/1787023929"
"QMFMF2447058","PERFuMITO NUEVO","200680","True","https://open.spotify.com/track/1Q9Efnm5csdCMFynISxL2x","https://music.apple.com/us/song/perfumito-nuevo/1787022980"
"GBUM72401610","Messy","284066","True","https://open.spotify.com/track/35ISBknsCeZQtq66xABI9g","https://music.apple.com/us/song/messy/1743250261"
"USUG12501129","Cry For Me","224136","True","https://open.spotify.com/track/3AWDeHLc88XogCaCnZQLVI","https://music.apple.com/us/song/cry-for-me/1793654350"
"USUG12405846","São Paulo (feat. Anitta)","301623","True","https://open.spotify.com/track/7DY756WOLyOz2Xnhw4EFiC",
"USUG12500975","I'm The Problem","177811","False","https://open.spotify.com/track/3HlWVKwU0JqJXqJK9DWHnZ","https://music.apple.com/us/song/im-the-problem/1792812019"
"USUG12501128","Wake Me Up (feat. Justice)","308575","False","https://open.spotify.com/track/5673WA8EEUSPx1ir26lhGW","https://music.apple.com/us/song/wake-me-up/1793654349"
"USUG12501132","Baptized In Fear","232176","False","https://open.spotify.com/track/5rzI6Jnlhx8DgVgsOLorfW","https://music.apple.com/us/song/baptized-in-fear/1793654357"
"USUG12405846","São Paulo (feat. Anitta)","301623","True","https://open.spotify.com/track/7DY756WOLyOz2Xnhw4EFiC","https://music.apple.com/us/song/s%C3%A3o-paulo/1776914757"
"USUM72412581","Abracadabra","223398","False","https://open.spotify.com/track/5ZLUm9eab8y3tqQ1OhQSHI",
"USUM72412581","Abracadabra","223398","False","https://open.spotify.com/track/5ZLUm9eab8y3tqQ1OhQSHI","https://music.apple.com/us/song/abracadabra/1792667005"
"USRC12403763","Born Again (feat. Doja Cat & RAYE)","231174","False","https://open.spotify.com/track/4CPuDVC8jhhK6lA2DIt8Cf",
"USUM71713947","All The Stars (with SZA)","232186","True","https://open.spotify.com/track/3GCdLUSnKSMJhs4Tj6CV3s","https://music.apple.com/us/song/all-the-stars/1440906939"
"USUG12408494","squabble up","157992","True","https://open.spotify.com/track/0nj9Bq5sHDiTxSHunhgkFb","https://music.apple.com/us/song/squabble-up/1781270321"
"USLD91772019","CN TOWER","241889","True","https://open.spotify.com/track/4u43I0LP2Xf85OAS85eG0R","https://music.apple.com/us/song/cn-tower/1796127243"
"USLD91772028","GIMME A HUG","193054","True","https://open.spotify.com/track/5Nz7hI3cCOHmMR4vSLJ1An","https://music.apple.com/us/song/gimme-a-hug/1796127367"
"USLD91772020","MOTH BALLS","212629","True","https://open.spotify.com/track/7DL2F2bueQycqYjqsjHYjG","https://music.apple.com/us/song/moth-balls/1796127246"
"USLD91772021","SOMETHING ABOUT YOU","218682","True","https://open.spotify.com/track/1F6nHHDJyTHLgDDFj1ZZDt","https://music.apple.com/us/song/something-about-you/1796127251"
"USLD91772022","CRYING IN CHANEL","199602","True","https://open.spotify.com/track/5aIEFCKhVUM5sKkwOSdFiM","https://music.apple.com/us/song/crying-in-chanel/1796127256"
"USLD91772024","DEEPER","172337","True","https://open.spotify.com/track/4JeD0FGslDsMeeahEGZa2L","https://music.apple.com/us/song/deeper/1796127349"
"USLD91772023","SPIDER-MAN SUPERMAN","203893","True","https://open.spotify.com/track/4GqhG9rDuRUoNyDSMJ0Brq","https://music.apple.com/us/song/spider-man-superman/1796127257"
"USLD91772032","NOKIA","241023","True","https://open.spotify.com/track/2u9S9JJ6hTZS3Vf22HOZKg","https://music.apple.com/us/song/nokia/1796127375"
"USLD91772034","SOMEBODY LOVES ME","182767","True","https://open.spotify.com/track/2kZoOj1n5vk9BuF0sih58M","https://music.apple.com/us/song/somebody-loves-me/1796127378"
"USLD91772033","DIE TRYING","195431","True","https://open.spotify.com/track/0NUqi0ps17YpLUC3kgsZq0","https://music.apple.com/us/song/die-trying/1796127376"
"USRC12403577","Revolving door","180032","True","https://open.spotify.com/track/541sN2qNfIlllGn9nGOQoC","https://music.apple.com/us/song/revolving-door/1779319626"
"USRC12500277","FXCK UP THE WORLD (feat. Future)","184155","True","https://open.spotify.com/track/4rBRRLgdB9DYJhqA9uVcWt",
"USUM72407011","Garden Of Eden","239720","False","https://open.spotify.com/track/4mUR5Tv0CvJtpmnUtzeIgd",
"USUG12500650","Anxiety","249302","True","https://open.spotify.com/track/1musbempyJAw5gfSKZHXP9","https://music.apple.com/us/song/anxiety/1800052074"
"USQX92500261","like JENNIE","123517","True","https://open.spotify.com/track/0fK7ie6XwGxQTIkpFoWkd1",
"USUM72414866","EVIL J0RDAN","183928","True","https://open.spotify.com/track/6iycYUk3oB0NPMdaDUrN1w",
"USUM72414869","CRUSH (with Travis Scott)","173320","True","https://open.spotify.com/track/3VdooJLOy4tLxKpnn46SMP",
"USUM72414871","RATHER LIE (with The Weeknd)","209680","True","https://open.spotify.com/track/68qeaZhtMZ6abrJCYt6nQn",
"USUM72414851","POP OUT","161738","True","https://open.spotify.com/track/3j3SfV4hAcR4XjCvW393Gr",
"USUM72414867","MOJO JOJO","156293","True","https://open.spotify.com/track/3WRUvGqySBZC6RkB5c2w1S",
"USUG12501598","The Giver","202768","False","https://open.spotify.com/track/5xHgo5JN0wfsV41HnRaos5",
"USUM72414868","PHILLY (with Travis Scott)","185706","True","https://open.spotify.com/track/5SIvP6TdWc9DNvKbENjnYc",
"USAT22500463","Ordinary","186964","False","https://open.spotify.com/track/6qqrTXSdwiJaq8SO0X2lSe",
"USUM72501915","twilight zone","198320","False","https://open.spotify.com/track/1UrwJzlNC2oaTlxj1OZmcu",
"USWL12500595","La Plena - W Sound 05","150001","True","https://open.spotify.com/track/6iOndD4OFo7GkaDypWQIou",
"NZUM72500008","What Was That","209286","False","https://open.spotify.com/track/2jNyiavSywmA472t2m6ZBz",
"USWB12405502","back to friends","199032","False","https://open.spotify.com/track/0FTmksd2dxiE5e3rWyJXs6",
"USWB12500737","undressed","182088","False","https://open.spotify.com/track/4AajxCEwGEsmHmT4H1TwjY",
"TCAGE2222845","Mangu","261048","False","https://open.spotify.com/track/4e6TmHCC4PRUj75knNplNP",
"USUG12501601","What I Want (feat. Tate McRae)","184517","False","https://open.spotify.com/track/04emojnbYkrRmv5qtJcgVP",
"USA2P2509874","Don’t Say You Love Me","180716","False","https://open.spotify.com/track/27xkOIER6uDLKALIelHylZ",
"USAT22503497","Just Keep Watching (From F1® The Movie)","142550","False","https://open.spotify.com/track/2yWlGEgEfPot0lv3OAjuG3",
"QZ9QQ2500157","TU SANCHO","177994","True","https://open.spotify.com/track/6eLQXa6uk2EW8drsiKbABZ",
"USUM72504354","Manchild","213645","True","https://open.spotify.com/track/42UBPzRMh5yyz0EDPr6fr1",
"USAT22401137","Love Me Not","213466","False","https://open.spotify.com/track/4WFgvKVfEhb3IUAFGrutTR",
"QZ8BZ2513510","Golden","194607","False","https://open.spotify.com/track/1CPZ5BxNNd0n0nF4Orb9JS",
"USUM72503465","Gabriela","197226","False","https://open.spotify.com/track/1xOqGUkyxGQRdCvGpvWKmL",
"QZ8BZ2513512","Your Idol","191537","False","https://open.spotify.com/track/1I37Zz2g3hk9eWxaNkj031",
"QZ8BZ2513509","Soda Pop","150686","False","https://open.spotify.com/track/02sy7FAs8dkDNYsHp4Ul3f",
"QZ8BZ2513508","How It’s Done","176059","False","https://open.spotify.com/track/3RXUgPNIbUgFxsDWuBQEt6",
"USUG12504304","DAISIES","176453","False","https://open.spotify.com/track/5BZsQlgw21vDOAjoqkNgKb",
"KRA402400094","JUMP","164718","False","https://open.spotify.com/track/5H1sKFMzDeMtXwND3V6hRY",
"USUG12506172","ALL I CAN TAKE","247546","False","https://open.spotify.com/track/21OUVoz2AOPAHGt4UlPAvn",
"USUG12506175","GO BABY","194760","False","https://open.spotify.com/track/01p5urrGw5fuFCcfT7PBgc",
"USUG12506174","YUKON","163866","False","https://open.spotify.com/track/29iva9idM6rFCPUlu7Rhxl",
"USUG12506183","THINGS YOU DO","108386","False","https://open.spotify.com/track/1j8TmNa6vaFAEAws43kP0Q",
"USSM12503071","CHAMPAIN & VACAY","184789","True","https://open.spotify.com/track/5wNIHa6wvCCKP6fWgo3UAh",
"USSM12503073","KICK OUT","170498","True","https://open.spotify.com/track/5P03xImM2uFukzoty7NDw7",
"USAT22503779","Eternity","189553","False","https://open.spotify.com/track/6wHpLMmp98aHcV8L1JFrj8",
"INY092500014","Saiyaara (From "Saiyaara")","370875","False","https://open.spotify.com/track/1D35BJlymlh6OLD75WupSF",
"USQX92503269","Big Poe (feat. Sk8brd)","182401","True","https://open.spotify.com/track/4sLvxpKLvagQ4lZHUpymza",
"USQX92503270","Sugar On My Tongue","153332","True","https://open.spotify.com/track/6xV7Be6XEvkSnighmh2Tzj",
"USQX92503271","Sucka Free","161051","True","https://open.spotify.com/track/7DIMKlmJ0CL6eROkbptoqi",
"GBAJE7000057","Paranoid - 2009 Remaster","167720","False","https://open.spotify.com/track/3Jnxngdff0lVu2rza1GVx6",
"USUG12506621","Which One (feat. Central Cee)","169134","True","https://open.spotify.com/track/5FMyXeZ0reYloRTiCkPprT",
"USUG12506170","The Subway","252276","True","https://open.spotify.com/track/2SsY5k7UWFqgye3PUMG3Oq",
"QZ8BZ2513514","What It Sounds Like","250268","False","https://open.spotify.com/track/5sBDrrtLGbV64QJnEqfjer",
"USUM72504355","Tears","160183","False","https://open.spotify.com/track/42VUCXerQ5qTr4Qp6PhKo4",
"USUM72504356","My Man on Willpower","197817","True","https://open.spotify.com/track/3EMfeKtNK4q4k3sVjwg5Yy",
"USUM72504441","Sugar Talking","183770","True","https://open.spotify.com/track/5B3GZOZYXNzWpUXQC42hxZ",
"USUM72504443","Nobody’s Son","182576","True","https://open.spotify.com/track/4SRShYMtFIGgnOU7iBicMH",
"USUM72504442","We Almost Broke Up Again Last Night","203378","True","https://open.spotify.com/track/6wkYQMrFfb0huLB5Qn19Iv",
"USUM72504446","When Did You Get Hot?","145398","False","https://open.spotify.com/track/0je57Uq5eTk1wrPzn9sWbl",
"GBUM72503089","Man I Need","184000","False","https://open.spotify.com/track/1qbmS6ep2hbBRaEZFpn7BX",
"USWB19800160","Iris","289533","False","https://open.spotify.com/track/6Qyc6fS4DsZjB2mRW9DsQs",
"USRC12502004","TIT FOR TAT","175956","True","https://open.spotify.com/track/04a44cx2PJthIbN2aLMXhl",
"USUG12506436","The Fate of Ophelia","226073","False","https://open.spotify.com/track/31TXxq8gfgYyrYClnYY48m",
"USUG12506437","Elizabeth Taylor","208291","False","https://open.spotify.com/track/1jgTiNob5cVyXeJ3WgX5bL",
"USUG12506438","Opalite","235355","False","https://open.spotify.com/track/3euZKF0hmGxQ6h2JHHY4iu",
"USUG12506439","Father Figure","212777","True","https://open.spotify.com/track/03bTIHJElXZ0O0jqOQvAbY",
"USUG12506440","Eldest Daughter","246356","True","https://open.spotify.com/track/62HoDY1Km6lm47haFpUn9c",
"USUG12506442","Actually Romantic","163699","True","https://open.spotify.com/track/2x3mwb96B6TquRqMtbxUE1",
"USUG12506444","Wood","150517","True","https://open.spotify.com/track/5ylJtmaWPJ33cW3En7WOu0",
"USUG12506445","CANCELLED!","211498","True","https://open.spotify.com/track/1appZ3c336FkPvCuywfmrs",
"USUG12506443","Wi$h Li$t","207349","True","https://open.spotify.com/track/2TEQvxxQabwLQMqWMg1qGu",
"USUG12506441","Ruin The Friendship","220564","False","https://open.spotify.com/track/62V2ZHslgQV98gH4AuVXnr",
"USUG12506447","The Life of a Showgirl (feat. Sabrina Carpenter)","241766","True","https://open.spotify.com/track/5eXgqtg3T8Av0m1FUaGHex",
"USSM12504034","Berghain","178853","True","https://open.spotify.com/track/6V4ntlX6608rd3Ec5SpVhj",
"GBUM72503087","So Easy (To Fall In Love)","169000","False","https://open.spotify.com/track/6sGIMrtIzQjdzNndVxe397",
"GBBBA7360050","Monster Mash","192040","False","https://open.spotify.com/track/0xxZY5C9xxij3D1HkzbnfC",
"USAR18400117","Ghostbusters","239133","False","https://open.spotify.com/track/569uHYIB0X324FZOBEhvit",
"USSM19902989","Thriller","357800","False","https://open.spotify.com/track/2LlQb7Uoj1kKyGhlkBf9aC",
"USWD10422982","This Is Halloween","196560","False","https://open.spotify.com/track/3mhsDyQpX2L8sJMdWUHOi3",
"USMO10000307","Somebody's Watching Me - Single Version","238786","False","https://open.spotify.com/track/2QN9zL3SzXdGqqmXO68gFp",
"BCE7P2503503","Posso Até Não Te Dar Flores","158769","True","https://open.spotify.com/track/4G7bbgD2DHORU4frrWoCXp",
"QMFME2535037","WHERE IS MY HUSBAND!","196795","False","https://open.spotify.com/track/55lijDD6OAjLFFUHU9tcDm",
"UYB282546130","Daddy Yankee: Bzrp Music Sessions, Vol. 0/66","151805","False","https://open.spotify.com/track/2uPMsTEKx79gJ8rB3AcT0v",
"USSM12504035","La Perla","195546","True","https://open.spotify.com/track/4oVO4fGNRRvEn0CRuFO4qv",
"USSM12504030","Reliquia","230240","False","https://open.spotify.com/track/4ORvXsPK9AJmDzm36BYcdy",
"USRC12502262","NOBODY'S GIRL","168134","False","https://open.spotify.com/track/2oPCpj9ezVq5D6IJNAGkL2",
"USSM19400325","All I Want for Christmas Is You","241562","False","https://open.spotify.com/track/0bYg9bo50gSsH3LtXe2SQn",
"GBBBM8400019","Last Christmas","262960","False","https://open.spotify.com/track/2FRnf9qhLbvw8fu4IBXx78",
"USMC15848998","Rockin' Around The Christmas Tree","126266","False","https://open.spotify.com/track/2EjXfH91m7f8HiJN1yQg97",
"USMC15746480","Jingle Bell Rock","130973","False","https://open.spotify.com/track/7vQbuQcyTflfCIOu3Uzzya",
"USUM71417401","Santa Tell Me","204093","False","https://open.spotify.com/track/0lizgQ7Qw35od7CYaoMBZb",
"USCA25900140","Let It Snow! Let It Snow! Let It Snow!","117146","False","https://open.spotify.com/track/2uFaJJtFpPDc5Pa95XzTvg",
"GBCTA1300103","Underneath the Tree","229638","False","https://open.spotify.com/track/3YZE5qDV7u1ZD1gZc47ZeR",
"GBKPL2205058","End of Beginning","159245","False","https://open.spotify.com/track/3qhlB30KknSejmIvZZLjOD",
"USAT21704212","Snowman","165900","False","https://open.spotify.com/track/7uoFMmxln0GPXQ0AcCBXRq",
"USSM16300086","It's the Most Wonderful Time of the Year","151000","False","https://open.spotify.com/track/1IcR6RlgvDczfvoWJSSY2A",
"USRE11300223","It's Beginning to Look a Lot like Christmas","207199","False","https://open.spotify.com/track/3it2BvJfyhPEWF3kD2TZJ1",
"USRC17002573","Feliz Navidad","181794","False","https://open.spotify.com/track/0oPdaY4dXtc3ZsaG17V972",
"USSM10905166","Sleigh Ride","181266","False","https://open.spotify.com/track/7fUYUcWy853HS8YJn0b3Sr",
"GBAAM0201110","Every Breath You Take","253920","False","https://open.spotify.com/track/1JSTJqkT5qHq8MDJnJbRE1",
"USSM12503648","CHANEL","188059","True","https://open.spotify.com/track/4VxTzYm00mg82MuoT35Ja7",
"USAT22504362","No Broke Boys","163994","True","https://open.spotify.com/track/3cZajhyr8LmtPfHZ9296tj",
"SEWEE1500509","Lush Life","200646","False","https://open.spotify.com/track/1rIKgCH4H52lrvDcz50hS8",
"USAT22509144","I Just Might","212973","False","https://open.spotify.com/track/12bYYQaLqHliSXvRIYlq8G",
"USUG12508560","Die On This Hill","217008","False","https://open.spotify.com/track/2gYTC8DsplN3RNdpdBcCOQ",
"GBUM72506029","Raindance (feat. Tems)","219743","True","https://open.spotify.com/track/3oTuTpF1F3A7rEC6RKsMRz",
"USSM12600096","Aperture","311733","False","https://open.spotify.com/track/45Z3m6yazmAi4jZuW0tzW0",
"USUM72600177","The Great Divide","317961","True","https://open.spotify.com/track/77zqs8ucHCSk5jh9TYec4b",
"QMFMF2447069","EoO","204768","True","https://open.spotify.com/track/6J5kc12BW5HuP3d7C3vvx8",
"QMFMF2447056","VOY A LLeVARTE PA PR","156364","True","https://open.spotify.com/track/59D4DOkspUbWyMmbAPQkxZ",
"QM6MZ2214878","Tití Me Preguntó","243716","True","https://open.spotify.com/track/1IHWl5LamUGEuP4ozKQSXZ",
"USUM71911618","LA CANCIÓN","242573","False","https://open.spotify.com/track/0fea68AdmYNygeTGI4RC18",
